{"accuracy": [0.32941293716430664, 0.4084239602088928, 0.4320157468318939, 0.4454193115234375, 0.45537757873535156, 0.46094033122062683, 0.4639039635658264, 0.4656417667865753, 0.46836674213409424, 0.46960338950157166], "loss": [4.080138206481934, 2.9021661281585693, 2.63035249710083, 2.5063600540161133, 2.4318771362304688, 2.3844432830810547, 2.356105327606201, 2.33632493019104, 2.322702646255493, 2.315171957015991], "top10_accuracy": [0.5691384673118591, 0.7161369919776917, 0.7572544813156128, 0.7756783962249756, 0.7861790657043457, 0.793368935585022, 0.797432541847229, 0.801769495010376, 0.8039260506629944, 0.8060240149497986], "val_accuracy": [0.3931092917919159, 0.42464330792427063, 0.4389548599720001, 0.4508407711982727, 0.4604049026966095, 0.46088138222694397, 0.4636276364326477, 0.4666943848133087, 0.4638788402080536, 0.4632117748260498], "val_loss": [3.210805654525757, 2.898038864135742, 2.8179917335510254, 2.7879414558410645, 2.750699043273926, 2.778726100921631, 2.8053030967712402, 2.8152730464935303, 2.823751211166382, 2.8198204040527344], "val_top10_accuracy": [0.6892342567443848, 0.7379646897315979, 0.7539829015731812, 0.7612599730491638, 0.7709194421768188, 0.772825300693512, 0.7757881283760071, 0.7780492305755615, 0.7791147828102112, 0.7795306444168091]}