{"accuracy": [0.46950140595436096, 0.4689177870750427, 0.4671821594238281, 0.466863214969635, 0.46463292837142944], "loss": [2.3117942810058594, 2.3188345432281494, 2.32403302192688, 2.3287193775177, 2.342813491821289], "top10_accuracy": [0.8068158626556396, 0.8070610761642456, 0.8070610761642456, 0.8064622282981873, 0.805761456489563], "val_accuracy": [0.4667377173900604, 0.45888885855674744, 0.4627179801464081, 0.4624234437942505, 0.4659406840801239], "val_loss": [2.8578572273254395, 2.904494285583496, 2.9262101650238037, 2.978407859802246, 2.9684829711914062], "val_top10_accuracy": [0.781531810760498, 0.775077760219574, 0.778525710105896, 0.7770876288414001, 0.7764378786087036]}